,unnamed:0,unnamed:0,date,adjclose,close,high,low,open,volume
0,0,0,2023-01-03,1839.699951171875,1839.699951171875,1839.699951171875,1836.199951171875,1836.199951171875,29
1,1,1,2023-01-04,1852.800048828125,1852.800048828125,1859.0999755859373,1845.5999755859373,1845.5999755859373,25
2,2,2,2023-01-05,1834.800048828125,1834.800048828125,1855.199951171875,1834.800048828125,1855.199951171875,24
3,3,3,2023-01-06,1864.199951171875,1864.199951171875,1868.199951171875,1835.300048828125,1838.4000244140625,26
4,4,4,2023-01-09,1872.699951171875,1872.699951171875,1880.0,1867.0,1867.0,62
5,5,5,2023-01-10,1871.5999755859373,1871.5999755859373,1878.0999755859373,1871.5999755859373,1877.800048828125,101
6,6,6,2023-01-11,1874.5999755859373,1874.5999755859373,1877.800048828125,1873.0999755859373,1873.0999755859373,1236
7,7,7,2023-01-12,1895.5,1895.5,1897.4000244140625,1877.199951171875,1877.199951171875,59
8,8,8,2023-01-13,1918.4000244140625,1918.4000244140625,1920.9000244140625,1898.300048828125,1899.0,512
9,9,9,2023-01-17,1907.199951171875,1907.199951171875,1920.0999755859373,1905.199951171875,1920.0999755859373,706
10,10,10,2023-01-18,1904.4000244140625,1904.4000244140625,1911.0999755859373,1903.0999755859373,1911.0999755859373,1027
11,11,11,2023-01-19,1922.0999755859373,1922.0999755859373,1931.800048828125,1922.0999755859373,1922.0999755859373,371
12,12,12,2023-01-20,1926.4000244140625,1926.4000244140625,1928.5,1921.4000244140625,1922.0999755859373,1346
13,13,13,2023-01-23,1927.0999755859373,1927.0999755859373,1927.0999755859373,1915.0,1926.5,218
14,14,14,2023-01-24,1933.9000244140625,1933.9000244140625,1936.800048828125,1931.800048828125,1931.800048828125,201
15,15,15,2023-01-25,1941.199951171875,1941.199951171875,1941.199951171875,1939.800048828125,1941.199951171875,7
16,16,16,2023-01-26,1929.0999755859373,1929.0999755859373,1937.0999755859373,1927.0999755859373,1936.5999755859373,131
17,17,17,2023-01-27,1928.5999755859373,1928.5999755859373,1928.5999755859373,1928.5999755859373,1928.5999755859373,150902
18,18,18,2023-01-30,1922.9000244140625,1922.9000244140625,1933.5999755859373,1920.300048828125,1928.300048828125,27220
19,19,19,2023-01-31,1929.5,1929.5,1930.4000244140625,1900.5999755859373,1923.0,1910
20,20,20,2023-02-01,1927.800048828125,1927.800048828125,1955.0,1922.0,1927.199951171875,2290
21,21,21,2023-02-02,1916.300048828125,1916.300048828125,1959.0999755859373,1911.300048828125,1952.300048828125,748
22,22,22,2023-02-03,1862.9000244140625,1862.9000244140625,1917.0,1861.5,1912.4000244140625,992
23,23,23,2023-02-06,1866.199951171875,1866.199951171875,1880.0,1863.4000244140625,1865.5999755859373,424
24,24,24,2023-02-07,1871.699951171875,1871.699951171875,1875.699951171875,1868.0,1870.0,297
25,25,25,2023-02-08,1877.4000244140625,1877.4000244140625,1880.4000244140625,1872.0999755859373,1872.0999755859373,230
26,26,26,2023-02-09,1866.199951171875,1866.199951171875,1884.5999755859373,1859.800048828125,1875.300048828125,223
27,27,27,2023-02-10,1862.800048828125,1862.800048828125,1863.5,1852.4000244140625,1861.5999755859373,27
28,28,28,2023-02-13,1851.9000244140625,1851.9000244140625,1861.0,1850.0,1859.0,569
29,29,29,2023-02-14,1854.0,1854.0,1862.0,1846.199951171875,1854.0999755859373,656
30,30,30,2023-02-15,1834.199951171875,1834.199951171875,1842.0,1828.199951171875,1842.0,368
31,31,31,2023-02-16,1842.0,1842.0,1843.699951171875,1827.199951171875,1838.5999755859373,222
32,32,32,2023-02-17,1840.4000244140625,1840.4000244140625,1842.199951171875,1818.4000244140625,1827.4000244140625,35
33,33,33,2023-02-21,1833.0,1833.0,1843.0,1833.0,1842.5999755859373,862
34,34,34,2023-02-22,1832.0,1832.0,1836.199951171875,1825.0999755859373,1835.699951171875,278
35,35,35,2023-02-23,1818.0,1818.0,1827.5,1818.0,1826.4000244140625,291
36,36,36,2023-02-24,1808.800048828125,1808.800048828125,1808.800048828125,1808.800048828125,1808.800048828125,404
37,37,37,2023-02-27,1817.0,1817.0,1817.5,1808.9000244140625,1811.5999755859373,829
38,38,38,2023-02-28,1828.9000244140625,1828.9000244140625,1830.0,1808.0999755859373,1808.0999755859373,618
39,39,39,2023-03-01,1837.699951171875,1837.699951171875,1841.699951171875,1827.0999755859373,1827.0999755859373,211
40,40,40,2023-03-02,1833.5,1833.5,1836.300048828125,1830.0,1830.0,154
41,41,41,2023-03-03,1847.699951171875,1847.699951171875,1855.4000244140625,1837.300048828125,1837.300048828125,61
42,42,42,2023-03-06,1847.9000244140625,1847.9000244140625,1853.800048828125,1844.199951171875,1853.300048828125,5
43,43,43,2023-03-07,1813.9000244140625,1813.9000244140625,1840.9000244140625,1813.9000244140625,1840.9000244140625,450
44,44,44,2023-03-08,1812.699951171875,1812.699951171875,1812.9000244140625,1811.5,1811.5999755859373,75
45,45,45,2023-03-09,1829.300048828125,1829.300048828125,1829.300048828125,1815.5999755859373,1816.4000244140625,332
46,46,46,2023-03-10,1862.0,1862.0,1868.5,1852.0,1852.300048828125,248
47,47,47,2023-03-13,1911.699951171875,1911.699951171875,1913.0999755859373,1875.0999755859373,1890.800048828125,503
48,48,48,2023-03-14,1906.199951171875,1906.199951171875,1912.199951171875,1901.0999755859373,1912.199951171875,107
49,49,49,2023-03-15,1926.5999755859373,1926.5999755859373,1926.5999755859373,1898.5,1903.9000244140625,564
50,50,50,2023-03-16,1919.0,1919.0,1931.699951171875,1909.9000244140625,1909.9000244140625,394
51,51,51,2023-03-17,1969.800048828125,1969.800048828125,1985.0999755859373,1946.0,1946.0,82
52,52,52,2023-03-20,1979.199951171875,1979.199951171875,2003.9000244140625,1968.9000244140625,1988.300048828125,389
53,53,53,2023-03-21,1938.0,1938.0,1973.800048828125,1938.0,1973.800048828125,47
54,54,54,2023-03-22,1946.800048828125,1946.800048828125,1974.0,1946.800048828125,1946.800048828125,50
55,55,55,2023-03-23,1993.800048828125,1993.800048828125,1994.5999755859373,1990.5,1990.5,33
56,56,56,2023-03-24,1982.0999755859373,1982.0999755859373,1995.4000244140625,1982.0999755859373,1991.699951171875,19
57,57,57,2023-03-27,1952.4000244140625,1952.4000244140625,1957.199951171875,1952.4000244140625,1957.199951171875,877
58,58,58,2023-03-28,1972.4000244140625,1972.4000244140625,1972.4000244140625,1972.4000244140625,1972.4000244140625,21
59,59,59,2023-03-29,1966.0999755859373,1966.0999755859373,1966.0999755859373,1966.0999755859373,1966.0999755859373,88563
60,60,60,2023-03-30,1980.300048828125,1980.300048828125,1984.4000244140625,1954.9000244140625,1965.9000244140625,10119
61,61,61,2023-03-31,1969.0,1969.0,1986.800048828125,1968.0,1981.300048828125,957
62,62,62,2023-04-03,1983.9000244140625,1983.9000244140625,1991.699951171875,1950.0,1968.0999755859373,737
63,63,63,2023-04-04,2022.199951171875,2022.199951171875,2027.0999755859373,1979.0,1984.5999755859373,811
64,64,64,2023-04-05,2020.9000244140625,2020.9000244140625,2033.800048828125,2013.5999755859373,2022.0999755859373,525
65,65,65,2023-04-06,2011.9000244140625,2011.9000244140625,2023.300048828125,2005.0,2022.199951171875,0
66,66,66,2023-04-10,1989.0999755859373,1989.0999755859373,2006.5999755859373,1984.0,2000.0,652
67,67,67,2023-04-11,2004.800048828125,2004.800048828125,2006.5,1991.4000244140625,1991.4000244140625,68
68,68,68,2023-04-12,2010.9000244140625,2010.9000244140625,2025.699951171875,2005.199951171875,2005.199951171875,172
69,69,69,2023-04-13,2041.300048828125,2041.300048828125,2048.60009765625,2015.5999755859373,2015.5999755859373,1043
70,70,70,2023-04-14,2002.199951171875,2002.199951171875,2047.800048828125,1995.0,2041.0,718
71,71,71,2023-04-17,1994.199951171875,1994.199951171875,2007.5999755859373,1983.199951171875,2002.699951171875,554
72,72,72,2023-04-18,2007.4000244140625,2007.4000244140625,2007.4000244140625,1996.9000244140625,1996.9000244140625,72
73,73,73,2023-04-19,1995.199951171875,1995.199951171875,2006.4000244140625,1969.800048828125,2005.699951171875,61
74,74,74,2023-04-20,2007.5999755859373,2007.5999755859373,2007.5999755859373,1998.0,1998.0,164
75,75,75,2023-04-21,1979.5,1979.5,1996.199951171875,1974.0999755859373,1996.199951171875,132
76,76,76,2023-04-24,1989.0999755859373,1989.0999755859373,1989.800048828125,1977.4000244140625,1981.300048828125,145
77,77,77,2023-04-25,1994.0,1994.0,1999.0999755859373,1982.300048828125,1995.699951171875,306
78,78,78,2023-04-26,1985.699951171875,1985.699951171875,1998.800048828125,1985.5999755859373,1997.800048828125,615
79,79,79,2023-04-27,1989.9000244140625,1989.9000244140625,2002.300048828125,1979.9000244140625,1990.5999755859373,355
80,80,80,2023-04-28,1990.0999755859373,1990.0999755859373,1990.0999755859373,1977.699951171875,1986.9000244140625,152
81,81,81,2023-05-01,1983.4000244140625,1983.4000244140625,2005.0,1976.9000244140625,1980.0999755859373,210
82,82,82,2023-05-02,2014.300048828125,2014.300048828125,2018.0,1994.699951171875,1994.699951171875,1896
83,83,83,2023-05-03,2028.5999755859373,2028.5999755859373,2035.0999755859373,2015.199951171875,2017.0999755859373,1349
84,84,84,2023-05-04,2048.0,2048.0,2072.0,2040.0,2045.0,930
85,85,85,2023-05-05,2017.4000244140625,2017.4000244140625,2046.4000244140625,2004.300048828125,2046.4000244140625,59
86,86,86,2023-05-08,2026.300048828125,2026.300048828125,2026.300048828125,2022.5,2022.5,3
87,87,87,2023-05-09,2036.199951171875,2036.199951171875,2037.300048828125,2025.9000244140625,2026.5999755859373,241
88,88,88,2023-05-10,2030.5,2030.5,2044.300048828125,2029.5,2032.300048828125,248
89,89,89,2023-05-11,2014.699951171875,2014.699951171875,2038.300048828125,2014.0,2034.0999755859373,90
90,90,90,2023-05-12,2014.5,2014.5,2014.5,2014.5,2014.5,115
91,91,91,2023-05-15,2018.0,2018.0,2018.0,2013.800048828125,2013.800048828125,3
92,92,92,2023-05-16,1988.4000244140625,1988.4000244140625,1988.4000244140625,1988.4000244140625,1988.4000244140625,49
93,93,93,2023-05-17,1980.699951171875,1980.699951171875,1983.5999755859373,1980.699951171875,1983.5999755859373,13
94,94,94,2023-05-18,1956.5,1956.5,1956.800048828125,1956.5,1956.5,23
95,95,95,2023-05-19,1978.699951171875,1978.699951171875,1978.699951171875,1960.0,1960.0,106
96,96,96,2023-05-22,1974.800048828125,1974.800048828125,1980.5,1974.800048828125,1980.5,8
97,97,97,2023-05-23,1972.4000244140625,1972.4000244140625,1972.4000244140625,1972.4000244140625,1972.4000244140625,1
98,98,98,2023-05-24,1962.800048828125,1962.800048828125,1975.4000244140625,1962.800048828125,1975.4000244140625,189
99,99,99,2023-05-25,1943.0999755859373,1943.0999755859373,1943.0999755859373,1943.0999755859373,1943.0999755859373,1
100,100,100,2023-05-26,1944.0999755859373,1944.0999755859373,1948.4000244140625,1944.0999755859373,1948.199951171875,166036
101,101,101,2023-05-30,1958.0,1958.0,1962.5999755859373,1931.0,1942.699951171875,37838
102,102,102,2023-05-31,1963.9000244140625,1963.9000244140625,1973.0,1953.0,1958.199951171875,5959
103,103,103,2023-06-01,1978.0,1978.0,1983.0,1954.300048828125,1963.199951171875,750
104,104,104,2023-06-02,1952.4000244140625,1952.4000244140625,1982.5,1947.4000244140625,1977.0999755859373,356
105,105,105,2023-06-05,1958.0,1958.0,1961.9000244140625,1937.800048828125,1947.5,713
106,106,106,2023-06-06,1965.5,1965.5,1965.5,1958.800048828125,1960.800048828125,164
107,107,107,2023-06-07,1942.699951171875,1942.699951171875,1968.4000244140625,1940.699951171875,1959.0,139
108,108,108,2023-06-08,1963.5999755859373,1963.5999755859373,1969.0,1943.0999755859373,1943.199951171875,433
109,109,109,2023-06-09,1962.199951171875,1962.199951171875,1969.800048828125,1960.300048828125,1965.0999755859373,49
110,110,110,2023-06-12,1955.300048828125,1955.300048828125,1963.5,1951.4000244140625,1959.699951171875,212
111,111,111,2023-06-13,1944.5999755859373,1944.5999755859373,1967.5,1940.300048828125,1960.5999755859373,343
112,112,112,2023-06-14,1955.300048828125,1955.300048828125,1958.199951171875,1940.300048828125,1946.199951171875,202
113,113,113,2023-06-15,1957.800048828125,1957.800048828125,1958.800048828125,1926.0,1941.699951171875,329
114,114,114,2023-06-16,1958.4000244140625,1958.4000244140625,1962.9000244140625,1953.5,1961.4000244140625,119
115,115,115,2023-06-20,1935.5,1935.5,1958.5999755859373,1931.300048828125,1958.5999755859373,193
116,116,116,2023-06-21,1933.300048828125,1933.300048828125,1936.800048828125,1920.0,1935.5999755859373,557
117,117,117,2023-06-22,1912.699951171875,1912.699951171875,1921.0,1912.0999755859373,1920.0,237
118,118,118,2023-06-23,1919.0999755859373,1919.0999755859373,1932.5,1918.699951171875,1918.699951171875,105
119,119,119,2023-06-26,1923.699951171875,1923.699951171875,1928.5,1922.5,1922.9000244140625,71
120,120,120,2023-06-27,1914.0,1914.0,1929.4000244140625,1914.0,1927.0,49
121,121,121,2023-06-28,1912.300048828125,1912.300048828125,1912.300048828125,1912.300048828125,1912.300048828125,628
122,122,122,2023-06-29,1909.199951171875,1909.199951171875,1909.9000244140625,1892.5,1909.9000244140625,289
123,123,123,2023-06-30,1921.0999755859373,1921.0999755859373,1921.0999755859373,1900.5999755859373,1908.5999755859373,445
124,124,124,2023-07-03,1921.699951171875,1921.699951171875,1929.5,1917.9000244140625,1917.9000244140625,41
125,125,125,2023-07-05,1919.5999755859373,1919.5999755859373,1933.9000244140625,1914.699951171875,1923.5,193
126,126,126,2023-07-06,1908.699951171875,1908.699951171875,1910.199951171875,1903.199951171875,1909.300048828125,81
127,127,127,2023-07-07,1926.199951171875,1926.199951171875,1934.0999755859373,1913.4000244140625,1913.4000244140625,61
128,128,128,2023-07-10,1925.0,1925.0,1926.0999755859373,1912.300048828125,1923.5999755859373,269
129,129,129,2023-07-11,1931.300048828125,1931.300048828125,1937.0,1924.199951171875,1925.0,142
130,130,130,2023-07-12,1956.199951171875,1956.199951171875,1958.0,1932.199951171875,1932.300048828125,132
131,131,131,2023-07-13,1959.199951171875,1959.199951171875,1961.0999755859373,1953.0,1961.0999755859373,121
132,132,132,2023-07-14,1960.0999755859373,1960.0999755859373,1960.5999755859373,1952.699951171875,1958.4000244140625,94
133,133,133,2023-07-17,1952.4000244140625,1952.4000244140625,1956.5,1946.5999755859373,1954.0,29
134,134,134,2023-07-18,1977.199951171875,1977.199951171875,1978.4000244140625,1963.4000244140625,1968.800048828125,83
135,135,135,2023-07-19,1977.5,1977.5,1977.5,1973.0,1977.0,35
136,136,136,2023-07-20,1968.300048828125,1968.300048828125,1973.699951171875,1965.5999755859373,1973.699951171875,638
137,137,137,2023-07-21,1964.300048828125,1964.300048828125,1964.300048828125,1961.800048828125,1961.800048828125,50
138,138,138,2023-07-24,1960.300048828125,1960.300048828125,1965.5,1960.300048828125,1965.300048828125,2
139,139,139,2023-07-25,1962.0999755859373,1962.0999755859373,1962.5,1953.0,1953.0,19
140,140,140,2023-07-26,1968.9000244140625,1968.9000244140625,1972.0,1966.199951171875,1966.199951171875,51
141,141,141,2023-07-27,1945.4000244140625,1945.4000244140625,1945.4000244140625,1945.4000244140625,1945.4000244140625,194253
142,142,142,2023-07-28,1960.4000244140625,1960.4000244140625,1962.199951171875,1944.199951171875,1945.5,23155
143,143,143,2023-07-31,1970.5,1970.5,1971.5999755859373,1950.0,1959.199951171875,1025
144,144,144,2023-08-01,1940.699951171875,1940.699951171875,1965.4000244140625,1940.699951171875,1964.9000244140625,688
145,145,145,2023-08-02,1937.4000244140625,1937.4000244140625,1953.5999755859373,1933.199951171875,1948.4000244140625,652
146,146,146,2023-08-03,1932.0,1932.0,1936.5,1928.0,1934.199951171875,773
147,147,147,2023-08-04,1939.5999755859373,1939.5999755859373,1945.0,1920.0,1934.9000244140625,290
148,148,148,2023-08-07,1933.5,1933.5,1941.0,1929.800048828125,1941.0,376
149,149,149,2023-08-08,1924.0999755859373,1924.0999755859373,1933.199951171875,1923.0,1931.699951171875,555
150,150,150,2023-08-09,1915.4000244140625,1915.4000244140625,1928.800048828125,1913.699951171875,1925.4000244140625,451
151,151,151,2023-08-10,1914.4000244140625,1914.4000244140625,1927.800048828125,1911.4000244140625,1921.0999755859373,178
152,152,152,2023-08-11,1912.9000244140625,1912.9000244140625,1916.5999755859373,1911.800048828125,1913.0,57
153,153,153,2023-08-14,1910.5999755859373,1910.5999755859373,1912.5999755859373,1903.300048828125,1909.300048828125,46
154,154,154,2023-08-15,1902.5,1902.5,1907.699951171875,1895.0,1906.0,73
155,155,155,2023-08-16,1896.0999755859373,1896.0999755859373,1904.5,1890.300048828125,1904.5,22
156,156,156,2023-08-17,1884.0999755859373,1884.0999755859373,1902.4000244140625,1884.0,1893.699951171875,245
157,157,157,2023-08-18,1886.0999755859373,1886.0999755859373,1891.800048828125,1886.0999755859373,1891.800048828125,19
158,158,158,2023-08-21,1893.300048828125,1893.300048828125,1893.5999755859373,1893.300048828125,1893.5999755859373,876
159,159,159,2023-08-22,1896.4000244140625,1896.4000244140625,1896.800048828125,1892.800048828125,1894.5999755859373,46
160,160,160,2023-08-23,1918.5,1918.5,1918.5,1909.5999755859373,1909.5999755859373,547
161,161,161,2023-08-24,1918.199951171875,1918.199951171875,1920.800048828125,1918.199951171875,1920.0,337
162,162,162,2023-08-25,1911.0999755859373,1911.0999755859373,1919.800048828125,1911.0999755859373,1919.800048828125,195
163,163,163,2023-08-28,1917.9000244140625,1917.9000244140625,1921.5,1915.5,1915.5,99
164,164,164,2023-08-29,1936.5,1936.5,1936.5,1916.9000244140625,1917.9000244140625,1674
165,165,165,2023-08-30,1944.300048828125,1944.300048828125,1946.4000244140625,1934.5999755859373,1936.0,396
166,166,166,2023-08-31,1938.199951171875,1938.199951171875,1944.4000244140625,1938.199951171875,1944.4000244140625,491
167,167,167,2023-09-01,1939.800048828125,1939.800048828125,1950.0,1936.5999755859373,1950.0,167
168,168,168,2023-09-05,1926.199951171875,1926.199951171875,1934.4000244140625,1924.699951171875,1934.4000244140625,113
169,169,169,2023-09-06,1918.0999755859373,1918.0999755859373,1925.300048828125,1916.300048828125,1924.0999755859373,24
170,170,170,2023-09-07,1917.5,1917.5,1921.5,1917.5,1917.5999755859373,41
171,171,171,2023-09-08,1918.4000244140625,1918.4000244140625,1924.699951171875,1918.4000244140625,1924.0,105
172,172,172,2023-09-11,1923.300048828125,1923.300048828125,1928.300048828125,1921.800048828125,1923.0,50
173,173,173,2023-09-12,1911.300048828125,1911.300048828125,1920.800048828125,1911.300048828125,1920.800048828125,365
174,174,174,2023-09-13,1909.0999755859373,1909.0999755859373,1914.5999755859373,1908.9000244140625,1910.300048828125,15
175,175,175,2023-09-14,1910.0,1910.0,1910.0,1903.0,1903.0,169
176,176,176,2023-09-15,1923.699951171875,1923.699951171875,1927.300048828125,1923.5,1923.5,8
177,177,177,2023-09-18,1931.5,1931.5,1931.5,1926.4000244140625,1928.199951171875,19
178,178,178,2023-09-19,1932.0,1932.0,1934.0,1932.0,1934.0,6
179,179,179,2023-09-20,1945.5999755859373,1945.5999755859373,1945.5999755859373,1929.199951171875,1945.5999755859373,119
180,180,180,2023-09-21,1919.199951171875,1919.199951171875,1924.0,1919.199951171875,1924.0,9
181,181,181,2023-09-22,1925.4000244140625,1925.4000244140625,1925.4000244140625,1925.4000244140625,1925.4000244140625,1
182,182,182,2023-09-25,1916.5999755859373,1916.5999755859373,1916.5999755859373,1916.5999755859373,1916.5999755859373,114
183,183,183,2023-09-26,1900.4000244140625,1900.4000244140625,1905.0999755859373,1900.4000244140625,1905.0,161
184,184,184,2023-09-27,1871.5999755859373,1871.5999755859373,1871.5999755859373,1871.5999755859373,1871.5999755859373,12251
185,185,185,2023-09-28,1860.4000244140625,1860.4000244140625,1878.199951171875,1856.699951171875,1875.5,4654
186,186,186,2023-09-29,1848.0999755859373,1848.0999755859373,1872.300048828125,1846.0,1864.300048828125,1605
187,187,187,2023-10-02,1830.0,1830.0,1845.9000244140625,1826.699951171875,1844.0999755859373,2309
188,188,188,2023-10-03,1824.5999755859373,1824.5999755859373,1830.9000244140625,1816.800048828125,1825.0,310
189,189,189,2023-10-04,1818.5,1818.5,1828.199951171875,1816.4000244140625,1821.800048828125,357
190,190,190,2023-10-05,1816.5999755859373,1816.5999755859373,1826.300048828125,1815.5999755859373,1826.300048828125,393
191,191,191,2023-10-06,1830.199951171875,1830.199951171875,1831.800048828125,1809.4000244140625,1819.0,390
192,192,192,2023-10-09,1849.5,1849.5,1861.5,1842.5,1842.5,232
193,193,193,2023-10-10,1861.0,1861.0,1861.4000244140625,1852.800048828125,1857.0,236
194,194,194,2023-10-11,1872.800048828125,1872.800048828125,1874.5999755859373,1869.0999755859373,1869.5,65
195,195,195,2023-10-12,1869.300048828125,1869.300048828125,1881.199951171875,1867.0,1874.699951171875,46
196,196,196,2023-10-13,1927.4000244140625,1927.4000244140625,1930.0999755859373,1877.5,1877.5,43
197,197,197,2023-10-16,1921.0999755859373,1921.0999755859373,1921.0999755859373,1910.300048828125,1910.4000244140625,53
198,198,198,2023-10-17,1922.699951171875,1922.699951171875,1925.800048828125,1914.300048828125,1914.300048828125,103
199,199,199,2023-10-18,1955.300048828125,1955.300048828125,1957.9000244140625,1935.0,1935.0,67
200,200,200,2023-10-19,1968.4000244140625,1968.4000244140625,1977.699951171875,1945.699951171875,1950.0999755859373,1945
201,201,201,2023-10-20,1982.5,1982.5,1988.5999755859373,1980.4000244140625,1981.0999755859373,557
202,202,202,2023-10-23,1976.300048828125,1976.300048828125,1978.9000244140625,1972.9000244140625,1976.199951171875,127
203,203,203,2023-10-24,1975.0,1975.0,1975.0,1970.300048828125,1970.300048828125,10
204,204,204,2023-10-25,1984.0999755859373,1984.0999755859373,1985.300048828125,1971.199951171875,1971.199951171875,97
205,205,205,2023-10-26,1987.199951171875,1987.199951171875,1988.199951171875,1980.4000244140625,1988.199951171875,521
206,206,206,2023-10-27,1988.5999755859373,1988.5999755859373,1988.5999755859373,1988.5999755859373,1988.5999755859373,372
207,207,207,2023-10-30,1996.199951171875,1996.199951171875,2004.0999755859373,1992.5,2004.0999755859373,157
208,208,208,2023-10-31,1985.199951171875,1985.199951171875,2001.0,1983.699951171875,1996.5,84
209,209,209,2023-11-01,1978.800048828125,1978.800048828125,1990.5,1977.800048828125,1990.5,41
210,210,210,2023-11-02,1985.5999755859373,1985.5999755859373,1990.300048828125,1979.5,1989.0999755859373,39
211,211,211,2023-11-03,1991.5,1991.5,1991.5,1989.0,1989.0,12
212,212,212,2023-11-06,1981.5999755859373,1981.5999755859373,1981.5999755859373,1977.4000244140625,1981.5999755859373,130
213,213,213,2023-11-07,1966.800048828125,1966.800048828125,1966.800048828125,1960.699951171875,1966.5,20
214,214,214,2023-11-08,1951.5,1951.5,1967.800048828125,1947.699951171875,1967.800048828125,43
215,215,215,2023-11-09,1964.199951171875,1964.199951171875,1964.199951171875,1945.300048828125,1951.699951171875,10
216,216,216,2023-11-10,1932.5999755859373,1932.5999755859373,1959.5999755859373,1932.5999755859373,1959.5999755859373,375
217,217,217,2023-11-13,1945.5,1945.5,1947.199951171875,1934.0,1939.9000244140625,191
218,218,218,2023-11-14,1961.800048828125,1961.800048828125,1965.800048828125,1961.800048828125,1965.800048828125,2
219,219,219,2023-11-15,1960.0999755859373,1960.0999755859373,1962.800048828125,1960.0,1962.800048828125,6
220,220,220,2023-11-16,1983.9000244140625,1983.9000244140625,1983.9000244140625,1964.5999755859373,1965.300048828125,39
221,221,221,2023-11-17,1981.5999755859373,1981.5999755859373,1984.0,1979.800048828125,1982.5,32
222,222,222,2023-11-20,1977.699951171875,1977.699951171875,1979.4000244140625,1969.699951171875,1978.699951171875,182
223,223,223,2023-11-21,1999.300048828125,1999.300048828125,2005.5,1988.5,1990.699951171875,16
224,224,224,2023-11-22,1991.4000244140625,1991.4000244140625,1999.4000244140625,1991.0,1999.0999755859373,6075
225,225,225,2023-11-24,2002.199951171875,2002.199951171875,2002.199951171875,1991.5,1991.9000244140625,63
226,226,226,2023-11-27,2011.800048828125,2011.800048828125,2011.800048828125,2011.699951171875,2011.699951171875,228
227,227,227,2023-11-28,2039.699951171875,2039.699951171875,2042.699951171875,2039.699951171875,2040.5999755859373,174665
228,228,228,2023-11-29,2047.0999755859373,2047.0999755859373,2052.10009765625,2036.0,2041.699951171875,15290
229,229,229,2023-11-30,2038.0999755859373,2038.0999755859373,2047.0999755859373,2033.0999755859373,2046.0999755859373,2506
230,230,230,2023-12-01,2071.0,2071.0,2073.199951171875,2036.0,2038.300048828125,614
231,231,231,2023-12-04,2024.0999755859373,2024.0999755859373,2130.199951171875,2021.0,2075.300048828125,1071
232,232,232,2023-12-05,2018.5,2018.5,2037.0,2010.199951171875,2035.0999755859373,289
233,233,233,2023-12-06,2030.5,2030.5,2035.800048828125,2019.0,2019.9000244140625,417
234,234,234,2023-12-07,2029.9000244140625,2029.9000244140625,2034.9000244140625,2024.0,2029.199951171875,67
235,235,235,2023-12-08,1998.300048828125,1998.300048828125,2033.0999755859373,1995.0,2031.699951171875,449
236,236,236,2023-12-11,1978.0,1978.0,2004.199951171875,1977.199951171875,2004.0999755859373,651
237,237,237,2023-12-12,1977.800048828125,1977.800048828125,1994.199951171875,1977.800048828125,1984.199951171875,95
238,238,238,2023-12-13,1982.300048828125,1982.300048828125,2024.800048828125,1975.0,1978.5,2252
239,239,239,2023-12-14,2030.199951171875,2030.199951171875,2040.0999755859373,2024.300048828125,2024.699951171875,236
240,240,240,2023-12-15,2021.0999755859373,2021.0999755859373,2043.4000244140625,2018.300048828125,2032.5999755859373,261
241,241,241,2023-12-18,2026.300048828125,2026.300048828125,2032.800048828125,2024.0,2024.300048828125,100
242,242,242,2023-12-19,2038.4000244140625,2038.4000244140625,2042.699951171875,2025.199951171875,2025.199951171875,498
243,243,243,2023-12-20,2034.5,2034.5,2037.0999755859373,2030.300048828125,2037.0999755859373,258
244,244,244,2023-12-21,2039.0999755859373,2039.0999755859373,2044.5,2033.0,2035.800048828125,228
245,245,245,2023-12-22,2057.10009765625,2057.10009765625,2068.699951171875,2052.199951171875,2055.699951171875,202
246,246,246,2023-12-26,2058.199951171875,2058.199951171875,2060.800048828125,2054.199951171875,2060.0,64
247,247,247,2023-12-27,2081.89990234375,2081.89990234375,2081.89990234375,2064.800048828125,2067.300048828125,586
248,248,248,2023-12-28,2073.89990234375,2073.89990234375,2087.300048828125,2066.5,2081.60009765625,338
249,249,249,2023-12-29,2062.39990234375,2062.39990234375,2068.89990234375,2062.10009765625,2068.0,47
